image_url,image_url2,image_url3,image_url4
Tomato Paste.thumb,Toilet Paper.thumb,Bowl.thumb,Gum.thumb
Cereal.thumb,Toilet Paper.thumb,Salt.thumb,Nuts.thumb
Chocolate Syrup.thumb,Bowl.thumb,Gum.thumb,Nuts.thumb
Tomato Paste.thumb,Toilet Paper.thumb,Gum.thumb,Nuts.thumb
Chocolate Syrup.thumb,Cereal.thumb,Tomato Paste.thumb,Toilet Paper.thumb
Cereal.thumb,Tomato Paste.thumb,Bowl.thumb,Nuts.thumb
Toilet Paper.thumb,Bowl.thumb,Gum.thumb,Salt.thumb
Chocolate Syrup.thumb,Cereal.thumb,Tomato Paste.thumb,Nuts.thumb
Chocolate Syrup.thumb,Cereal.thumb,Gum.thumb,Nuts.thumb
Chocolate Syrup.thumb,Cereal.thumb,Bowl.thumb,Gum.thumb
Tomato Paste.thumb,Toilet Paper.thumb,Salt.thumb,Nuts.thumb
Tomato Paste.thumb,Toilet Paper.thumb,Bowl.thumb,Nuts.thumb
Chocolate Syrup.thumb,Toilet Paper.thumb,Gum.thumb,Nuts.thumb
Chocolate Syrup.thumb,Tomato Paste.thumb,Salt.thumb,Nuts.thumb
Cereal.thumb,Toilet Paper.thumb,Bowl.thumb,Gum.thumb
Cereal.thumb,Tomato Paste.thumb,Toilet Paper.thumb,Gum.thumb
Chocolate Syrup.thumb,Cereal.thumb,Toilet Paper.thumb,Gum.thumb
Tomato Paste.thumb,Gum.thumb,Salt.thumb,Nuts.thumb
Tomato Paste.thumb,Bowl.thumb,Gum.thumb,Nuts.thumb
Chocolate Syrup.thumb,Bowl.thumb,Salt.thumb,Nuts.thumb
Bowl.thumb,Gum.thumb,Salt.thumb,Nuts.thumb
Tomato Paste.thumb,Toilet Paper.thumb,Bowl.thumb,Salt.thumb
Chocolate Syrup.thumb,Tomato Paste.thumb,Toilet Paper.thumb,Bowl.thumb
Chocolate Syrup.thumb,Tomato Paste.thumb,Toilet Paper.thumb,Salt.thumb
Tomato Paste.thumb,Toilet Paper.thumb,Gum.thumb,Salt.thumb
Cereal.thumb,Tomato Paste.thumb,Gum.thumb,Nuts.thumb
Tomato Paste.thumb,Bowl.thumb,Gum.thumb,Salt.thumb
Toilet Paper.thumb,Bowl.thumb,Gum.thumb,Nuts.thumb
Chocolate Syrup.thumb,Cereal.thumb,Toilet Paper.thumb,Bowl.thumb
Chocolate Syrup.thumb,Tomato Paste.thumb,Bowl.thumb,Nuts.thumb
Chocolate Syrup.thumb,Cereal.thumb,Toilet Paper.thumb,Salt.thumb
Chocolate Syrup.thumb,Cereal.thumb,Tomato Paste.thumb,Bowl.thumb
Toilet Paper.thumb,Gum.thumb,Salt.thumb,Nuts.thumb
Chocolate Syrup.thumb,Tomato Paste.thumb,Bowl.thumb,Salt.thumb
Chocolate Syrup.thumb,Toilet Paper.thumb,Gum.thumb,Salt.thumb
Chocolate Syrup.thumb,Toilet Paper.thumb,Bowl.thumb,Salt.thumb
Chocolate Syrup.thumb,Tomato Paste.thumb,Gum.thumb,Salt.thumb
Cereal.thumb,Tomato Paste.thumb,Salt.thumb,Nuts.thumb
Cereal.thumb,Tomato Paste.thumb,Bowl.thumb,Salt.thumb
Cereal.thumb,Bowl.thumb,Salt.thumb,Nuts.thumb
Tomato Paste.thumb,Bowl.thumb,Salt.thumb,Nuts.thumb
Cereal.thumb,Tomato Paste.thumb,Toilet Paper.thumb,Nuts.thumb
Chocolate Syrup.thumb,Tomato Paste.thumb,Bowl.thumb,Gum.thumb
Cereal.thumb,Toilet Paper.thumb,Bowl.thumb,Nuts.thumb
Cereal.thumb,Toilet Paper.thumb,Gum.thumb,Salt.thumb
Chocolate Syrup.thumb,Cereal.thumb,Toilet Paper.thumb,Nuts.thumb
Chocolate Syrup.thumb,Cereal.thumb,Bowl.thumb,Salt.thumb
Chocolate Syrup.thumb,Gum.thumb,Salt.thumb,Nuts.thumb
Cereal.thumb,Gum.thumb,Salt.thumb,Nuts.thumb
Cereal.thumb,Toilet Paper.thumb,Gum.thumb,Nuts.thumb
Chocolate Syrup.thumb,Cereal.thumb,Bowl.thumb,Nuts.thumb
Chocolate Syrup.thumb,Cereal.thumb,Salt.thumb,Nuts.thumb
Chocolate Syrup.thumb,Tomato Paste.thumb,Toilet Paper.thumb,Nuts.thumb
Toilet Paper.thumb,Bowl.thumb,Salt.thumb,Nuts.thumb
Cereal.thumb,Tomato Paste.thumb,Gum.thumb,Salt.thumb
Chocolate Syrup.thumb,Toilet Paper.thumb,Bowl.thumb,Gum.thumb
Cereal.thumb,Bowl.thumb,Gum.thumb,Salt.thumb
Chocolate Syrup.thumb,Cereal.thumb,Tomato Paste.thumb,Gum.thumb
Chocolate Syrup.thumb,Toilet Paper.thumb,Bowl.thumb,Nuts.thumb
Chocolate Syrup.thumb,Tomato Paste.thumb,Toilet Paper.thumb,Gum.thumb
Cereal.thumb,Tomato Paste.thumb,Toilet Paper.thumb,Bowl.thumb
Chocolate Syrup.thumb,Cereal.thumb,Tomato Paste.thumb,Salt.thumb
Cereal.thumb,Tomato Paste.thumb,Bowl.thumb,Gum.thumb
Chocolate Syrup.thumb,Tomato Paste.thumb,Gum.thumb,Nuts.thumb
Cereal.thumb,Bowl.thumb,Gum.thumb,Nuts.thumb
Chocolate Syrup.thumb,Toilet Paper.thumb,Salt.thumb,Nuts.thumb
Cereal.thumb,Toilet Paper.thumb,Bowl.thumb,Salt.thumb
Chocolate Syrup.thumb,Cereal.thumb,Gum.thumb,Salt.thumb
Cereal.thumb,Tomato Paste.thumb,Toilet Paper.thumb,Salt.thumb
Chocolate Syrup.thumb,Bowl.thumb,Gum.thumb,Salt.thumb
Tomato Paste.thumb,Toilet Paper.thumb,Salt.thumb,Nuts.thumb
Chocolate Syrup.thumb,Tomato Paste.thumb,Salt.thumb,Nuts.thumb
Chocolate Syrup.thumb,Tomato Paste.thumb,Toilet Paper.thumb,Gum.thumb
Cereal.thumb,Tomato Paste.thumb,Toilet Paper.thumb,Nuts.thumb
Tomato Paste.thumb,Gum.thumb,Salt.thumb,Nuts.thumb
Chocolate Syrup.thumb,Tomato Paste.thumb,Bowl.thumb,Nuts.thumb
Chocolate Syrup.thumb,Cereal.thumb,Tomato Paste.thumb,Gum.thumb
Chocolate Syrup.thumb,Bowl.thumb,Salt.thumb,Nuts.thumb
Chocolate Syrup.thumb,Toilet Paper.thumb,Bowl.thumb,Nuts.thumb
Chocolate Syrup.thumb,Cereal.thumb,Salt.thumb,Nuts.thumb
Cereal.thumb,Tomato Paste.thumb,Bowl.thumb,Gum.thumb
Chocolate Syrup.thumb,Bowl.thumb,Gum.thumb,Salt.thumb
Chocolate Syrup.thumb,Cereal.thumb,Toilet Paper.thumb,Gum.thumb
Chocolate Syrup.thumb,Cereal.thumb,Bowl.thumb,Gum.thumb
Chocolate Syrup.thumb,Cereal.thumb,Tomato Paste.thumb,Salt.thumb
Chocolate Syrup.thumb,Toilet Paper.thumb,Bowl.thumb,Salt.thumb
Chocolate Syrup.thumb,Toilet Paper.thumb,Gum.thumb,Salt.thumb
Chocolate Syrup.thumb,Tomato Paste.thumb,Toilet Paper.thumb,Salt.thumb
Toilet Paper.thumb,Bowl.thumb,Gum.thumb,Nuts.thumb
Chocolate Syrup.thumb,Tomato Paste.thumb,Bowl.thumb,Salt.thumb
Chocolate Syrup.thumb,Cereal.thumb,Tomato Paste.thumb,Toilet Paper.thumb
Tomato Paste.thumb,Toilet Paper.thumb,Gum.thumb,Salt.thumb
Chocolate Syrup.thumb,Cereal.thumb,Tomato Paste.thumb,Nuts.thumb
Cereal.thumb,Tomato Paste.thumb,Gum.thumb,Nuts.thumb
Cereal.thumb,Tomato Paste.thumb,Salt.thumb,Nuts.thumb
Chocolate Syrup.thumb,Toilet Paper.thumb,Gum.thumb,Nuts.thumb
Cereal.thumb,Toilet Paper.thumb,Salt.thumb,Nuts.thumb
Cereal.thumb,Toilet Paper.thumb,Bowl.thumb,Gum.thumb
Cereal.thumb,Bowl.thumb,Gum.thumb,Salt.thumb
Cereal.thumb,Toilet Paper.thumb,Gum.thumb,Salt.thumb
Toilet Paper.thumb,Bowl.thumb,Salt.thumb,Nuts.thumb
Tomato Paste.thumb,Bowl.thumb,Gum.thumb,Nuts.thumb
Cereal.thumb,Tomato Paste.thumb,Gum.thumb,Salt.thumb
Cereal.thumb,Tomato Paste.thumb,Bowl.thumb,Nuts.thumb
Chocolate Syrup.thumb,Gum.thumb,Salt.thumb,Nuts.thumb
Chocolate Syrup.thumb,Tomato Paste.thumb,Gum.thumb,Nuts.thumb
Cereal.thumb,Toilet Paper.thumb,Bowl.thumb,Salt.thumb
Chocolate Syrup.thumb,Cereal.thumb,Toilet Paper.thumb,Nuts.thumb
Cereal.thumb,Tomato Paste.thumb,Toilet Paper.thumb,Bowl.thumb
Chocolate Syrup.thumb,Tomato Paste.thumb,Toilet Paper.thumb,Bowl.thumb
Chocolate Syrup.thumb,Cereal.thumb,Gum.thumb,Salt.thumb
Chocolate Syrup.thumb,Tomato Paste.thumb,Gum.thumb,Salt.thumb
Cereal.thumb,Bowl.thumb,Gum.thumb,Nuts.thumb
Bowl.thumb,Gum.thumb,Salt.thumb,Nuts.thumb
Chocolate Syrup.thumb,Bowl.thumb,Gum.thumb,Nuts.thumb
Toilet Paper.thumb,Bowl.thumb,Gum.thumb,Salt.thumb
Chocolate Syrup.thumb,Cereal.thumb,Bowl.thumb,Nuts.thumb
Chocolate Syrup.thumb,Toilet Paper.thumb,Bowl.thumb,Gum.thumb
Cereal.thumb,Gum.thumb,Salt.thumb,Nuts.thumb
Cereal.thumb,Tomato Paste.thumb,Bowl.thumb,Salt.thumb
Cereal.thumb,Tomato Paste.thumb,Toilet Paper.thumb,Gum.thumb
Chocolate Syrup.thumb,Toilet Paper.thumb,Salt.thumb,Nuts.thumb
Tomato Paste.thumb,Bowl.thumb,Salt.thumb,Nuts.thumb
Chocolate Syrup.thumb,Cereal.thumb,Gum.thumb,Nuts.thumb
Cereal.thumb,Toilet Paper.thumb,Bowl.thumb,Nuts.thumb
Chocolate Syrup.thumb,Tomato Paste.thumb,Bowl.thumb,Gum.thumb
Tomato Paste.thumb,Bowl.thumb,Gum.thumb,Salt.thumb
Tomato Paste.thumb,Toilet Paper.thumb,Bowl.thumb,Gum.thumb
Cereal.thumb,Toilet Paper.thumb,Gum.thumb,Nuts.thumb
Chocolate Syrup.thumb,Cereal.thumb,Toilet Paper.thumb,Bowl.thumb
Chocolate Syrup.thumb,Cereal.thumb,Bowl.thumb,Salt.thumb
Toilet Paper.thumb,Gum.thumb,Salt.thumb,Nuts.thumb
Chocolate Syrup.thumb,Tomato Paste.thumb,Toilet Paper.thumb,Nuts.thumb
Tomato Paste.thumb,Toilet Paper.thumb,Bowl.thumb,Nuts.thumb
Tomato Paste.thumb,Toilet Paper.thumb,Bowl.thumb,Salt.thumb
Cereal.thumb,Bowl.thumb,Salt.thumb,Nuts.thumb
Chocolate Syrup.thumb,Cereal.thumb,Toilet Paper.thumb,Salt.thumb
Tomato Paste.thumb,Toilet Paper.thumb,Gum.thumb,Nuts.thumb
Cereal.thumb,Tomato Paste.thumb,Toilet Paper.thumb,Salt.thumb
Chocolate Syrup.thumb,Cereal.thumb,Tomato Paste.thumb,Bowl.thumb
Chocolate Syrup.thumb,Cereal.thumb,Gum.thumb,Salt.thumb
Cereal.thumb,Tomato Paste.thumb,Gum.thumb,Salt.thumb
Chocolate Syrup.thumb,Cereal.thumb,Toilet Paper.thumb,Nuts.thumb
Cereal.thumb,Tomato Paste.thumb,Toilet Paper.thumb,Salt.thumb
Tomato Paste.thumb,Toilet Paper.thumb,Salt.thumb,Nuts.thumb
Chocolate Syrup.thumb,Bowl.thumb,Gum.thumb,Nuts.thumb
Chocolate Syrup.thumb,Toilet Paper.thumb,Bowl.thumb,Salt.thumb
Chocolate Syrup.thumb,Tomato Paste.thumb,Toilet Paper.thumb,Bowl.thumb
Bowl.thumb,Gum.thumb,Salt.thumb,Nuts.thumb
Tomato Paste.thumb,Toilet Paper.thumb,Gum.thumb,Nuts.thumb
Cereal.thumb,Toilet Paper.thumb,Bowl.thumb,Gum.thumb
Tomato Paste.thumb,Bowl.thumb,Gum.thumb,Nuts.thumb
Chocolate Syrup.thumb,Cereal.thumb,Bowl.thumb,Gum.thumb
Chocolate Syrup.thumb,Cereal.thumb,Tomato Paste.thumb,Toilet Paper.thumb
Cereal.thumb,Tomato Paste.thumb,Toilet Paper.thumb,Gum.thumb
Cereal.thumb,Bowl.thumb,Salt.thumb,Nuts.thumb
Chocolate Syrup.thumb,Toilet Paper.thumb,Bowl.thumb,Gum.thumb
Chocolate Syrup.thumb,Cereal.thumb,Tomato Paste.thumb,Nuts.thumb
Tomato Paste.thumb,Bowl.thumb,Gum.thumb,Salt.thumb
Cereal.thumb,Tomato Paste.thumb,Toilet Paper.thumb,Nuts.thumb
Chocolate Syrup.thumb,Cereal.thumb,Toilet Paper.thumb,Gum.thumb
Chocolate Syrup.thumb,Cereal.thumb,Toilet Paper.thumb,Salt.thumb
Chocolate Syrup.thumb,Bowl.thumb,Gum.thumb,Salt.thumb
Cereal.thumb,Toilet Paper.thumb,Salt.thumb,Nuts.thumb
Tomato Paste.thumb,Bowl.thumb,Salt.thumb,Nuts.thumb
Chocolate Syrup.thumb,Toilet Paper.thumb,Gum.thumb,Salt.thumb
Cereal.thumb,Tomato Paste.thumb,Salt.thumb,Nuts.thumb
Cereal.thumb,Toilet Paper.thumb,Bowl.thumb,Nuts.thumb
Cereal.thumb,Tomato Paste.thumb,Toilet Paper.thumb,Bowl.thumb
Cereal.thumb,Tomato Paste.thumb,Bowl.thumb,Nuts.thumb
Chocolate Syrup.thumb,Cereal.thumb,Toilet Paper.thumb,Bowl.thumb
Cereal.thumb,Tomato Paste.thumb,Gum.thumb,Nuts.thumb
Chocolate Syrup.thumb,Tomato Paste.thumb,Bowl.thumb,Gum.thumb
Chocolate Syrup.thumb,Tomato Paste.thumb,Gum.thumb,Salt.thumb
Chocolate Syrup.thumb,Cereal.thumb,Bowl.thumb,Salt.thumb
Chocolate Syrup.thumb,Tomato Paste.thumb,Toilet Paper.thumb,Gum.thumb
Cereal.thumb,Bowl.thumb,Gum.thumb,Nuts.thumb
Cereal.thumb,Tomato Paste.thumb,Bowl.thumb,Salt.thumb
Chocolate Syrup.thumb,Toilet Paper.thumb,Bowl.thumb,Nuts.thumb
Chocolate Syrup.thumb,Gum.thumb,Salt.thumb,Nuts.thumb
Chocolate Syrup.thumb,Cereal.thumb,Bowl.thumb,Nuts.thumb
Chocolate Syrup.thumb,Tomato Paste.thumb,Bowl.thumb,Nuts.thumb
Chocolate Syrup.thumb,Cereal.thumb,Tomato Paste.thumb,Salt.thumb
Chocolate Syrup.thumb,Tomato Paste.thumb,Toilet Paper.thumb,Nuts.thumb
Chocolate Syrup.thumb,Cereal.thumb,Salt.thumb,Nuts.thumb
Cereal.thumb,Tomato Paste.thumb,Bowl.thumb,Gum.thumb
Chocolate Syrup.thumb,Bowl.thumb,Salt.thumb,Nuts.thumb
Cereal.thumb,Bowl.thumb,Gum.thumb,Salt.thumb
Toilet Paper.thumb,Bowl.thumb,Gum.thumb,Nuts.thumb
Tomato Paste.thumb,Toilet Paper.thumb,Bowl.thumb,Salt.thumb
Cereal.thumb,Toilet Paper.thumb,Gum.thumb,Nuts.thumb
Toilet Paper.thumb,Bowl.thumb,Salt.thumb,Nuts.thumb
Tomato Paste.thumb,Toilet Paper.thumb,Gum.thumb,Salt.thumb
Chocolate Syrup.thumb,Toilet Paper.thumb,Gum.thumb,Nuts.thumb
Tomato Paste.thumb,Toilet Paper.thumb,Bowl.thumb,Nuts.thumb
Toilet Paper.thumb,Bowl.thumb,Gum.thumb,Salt.thumb
Tomato Paste.thumb,Gum.thumb,Salt.thumb,Nuts.thumb
Chocolate Syrup.thumb,Tomato Paste.thumb,Gum.thumb,Nuts.thumb
Tomato Paste.thumb,Toilet Paper.thumb,Bowl.thumb,Gum.thumb
Cereal.thumb,Toilet Paper.thumb,Bowl.thumb,Salt.thumb
Chocolate Syrup.thumb,Tomato Paste.thumb,Bowl.thumb,Salt.thumb
Cereal.thumb,Toilet Paper.thumb,Gum.thumb,Salt.thumb
Chocolate Syrup.thumb,Toilet Paper.thumb,Salt.thumb,Nuts.thumb
Chocolate Syrup.thumb,Tomato Paste.thumb,Salt.thumb,Nuts.thumb
Cereal.thumb,Gum.thumb,Salt.thumb,Nuts.thumb
Toilet Paper.thumb,Gum.thumb,Salt.thumb,Nuts.thumb
Chocolate Syrup.thumb,Cereal.thumb,Gum.thumb,Nuts.thumb
Chocolate Syrup.thumb,Cereal.thumb,Tomato Paste.thumb,Gum.thumb
Chocolate Syrup.thumb,Cereal.thumb,Tomato Paste.thumb,Bowl.thumb
Chocolate Syrup.thumb,Tomato Paste.thumb,Toilet Paper.thumb,Salt.thumb
Tomato Paste.thumb,Toilet Paper.thumb,Bowl.thumb,Nuts.thumb
Toilet Paper.thumb,Bowl.thumb,Gum.thumb,Salt.thumb
Cereal.thumb,Toilet Paper.thumb,Bowl.thumb,Gum.thumb
Chocolate Syrup.thumb,Toilet Paper.thumb,Bowl.thumb,Salt.thumb
Cereal.thumb,Bowl.thumb,Gum.thumb,Salt.thumb
Chocolate Syrup.thumb,Tomato Paste.thumb,Bowl.thumb,Salt.thumb
Chocolate Syrup.thumb,Toilet Paper.thumb,Gum.thumb,Nuts.thumb
Chocolate Syrup.thumb,Cereal.thumb,Bowl.thumb,Nuts.thumb
Tomato Paste.thumb,Bowl.thumb,Gum.thumb,Nuts.thumb
Chocolate Syrup.thumb,Tomato Paste.thumb,Gum.thumb,Salt.thumb
Cereal.thumb,Tomato Paste.thumb,Bowl.thumb,Nuts.thumb
Cereal.thumb,Toilet Paper.thumb,Salt.thumb,Nuts.thumb
Toilet Paper.thumb,Gum.thumb,Salt.thumb,Nuts.thumb
Bowl.thumb,Gum.thumb,Salt.thumb,Nuts.thumb
Cereal.thumb,Tomato Paste.thumb,Bowl.thumb,Gum.thumb
Cereal.thumb,Tomato Paste.thumb,Gum.thumb,Nuts.thumb
Chocolate Syrup.thumb,Cereal.thumb,Toilet Paper.thumb,Nuts.thumb
Chocolate Syrup.thumb,Tomato Paste.thumb,Bowl.thumb,Nuts.thumb
Tomato Paste.thumb,Toilet Paper.thumb,Gum.thumb,Nuts.thumb
Chocolate Syrup.thumb,Cereal.thumb,Tomato Paste.thumb,Bowl.thumb
Chocolate Syrup.thumb,Cereal.thumb,Tomato Paste.thumb,Gum.thumb
Chocolate Syrup.thumb,Cereal.thumb,Tomato Paste.thumb,Salt.thumb
Chocolate Syrup.thumb,Cereal.thumb,Toilet Paper.thumb,Gum.thumb
Chocolate Syrup.thumb,Toilet Paper.thumb,Bowl.thumb,Nuts.thumb
Cereal.thumb,Tomato Paste.thumb,Toilet Paper.thumb,Bowl.thumb
Tomato Paste.thumb,Gum.thumb,Salt.thumb,Nuts.thumb
Cereal.thumb,Tomato Paste.thumb,Toilet Paper.thumb,Salt.thumb
Chocolate Syrup.thumb,Cereal.thumb,Bowl.thumb,Salt.thumb
Cereal.thumb,Bowl.thumb,Salt.thumb,Nuts.thumb
Chocolate Syrup.thumb,Cereal.thumb,Tomato Paste.thumb,Toilet Paper.thumb
Cereal.thumb,Toilet Paper.thumb,Gum.thumb,Salt.thumb
Chocolate Syrup.thumb,Cereal.thumb,Salt.thumb,Nuts.thumb
Chocolate Syrup.thumb,Cereal.thumb,Gum.thumb,Nuts.thumb
Cereal.thumb,Tomato Paste.thumb,Toilet Paper.thumb,Gum.thumb
Cereal.thumb,Toilet Paper.thumb,Bowl.thumb,Salt.thumb
Chocolate Syrup.thumb,Cereal.thumb,Tomato Paste.thumb,Nuts.thumb
Cereal.thumb,Tomato Paste.thumb,Bowl.thumb,Salt.thumb
Tomato Paste.thumb,Bowl.thumb,Gum.thumb,Salt.thumb
Chocolate Syrup.thumb,Toilet Paper.thumb,Gum.thumb,Salt.thumb
Chocolate Syrup.thumb,Toilet Paper.thumb,Bowl.thumb,Gum.thumb
Chocolate Syrup.thumb,Tomato Paste.thumb,Toilet Paper.thumb,Gum.thumb
Chocolate Syrup.thumb,Bowl.thumb,Gum.thumb,Salt.thumb
Chocolate Syrup.thumb,Tomato Paste.thumb,Toilet Paper.thumb,Bowl.thumb
Chocolate Syrup.thumb,Tomato Paste.thumb,Gum.thumb,Nuts.thumb
Chocolate Syrup.thumb,Cereal.thumb,Gum.thumb,Salt.thumb
Chocolate Syrup.thumb,Tomato Paste.thumb,Bowl.thumb,Gum.thumb
Tomato Paste.thumb,Toilet Paper.thumb,Bowl.thumb,Gum.thumb
Chocolate Syrup.thumb,Tomato Paste.thumb,Salt.thumb,Nuts.thumb
Cereal.thumb,Tomato Paste.thumb,Gum.thumb,Salt.thumb
Cereal.thumb,Toilet Paper.thumb,Bowl.thumb,Nuts.thumb
Cereal.thumb,Bowl.thumb,Gum.thumb,Nuts.thumb
Chocolate Syrup.thumb,Cereal.thumb,Bowl.thumb,Gum.thumb
Tomato Paste.thumb,Toilet Paper.thumb,Gum.thumb,Salt.thumb
Tomato Paste.thumb,Toilet Paper.thumb,Salt.thumb,Nuts.thumb
Cereal.thumb,Tomato Paste.thumb,Salt.thumb,Nuts.thumb
Tomato Paste.thumb,Toilet Paper.thumb,Bowl.thumb,Salt.thumb
Chocolate Syrup.thumb,Cereal.thumb,Toilet Paper.thumb,Bowl.thumb
Cereal.thumb,Gum.thumb,Salt.thumb,Nuts.thumb
Toilet Paper.thumb,Bowl.thumb,Gum.thumb,Nuts.thumb
Chocolate Syrup.thumb,Bowl.thumb,Salt.thumb,Nuts.thumb
Cereal.thumb,Toilet Paper.thumb,Gum.thumb,Nuts.thumb
Chocolate Syrup.thumb,Cereal.thumb,Toilet Paper.thumb,Salt.thumb
Chocolate Syrup.thumb,Gum.thumb,Salt.thumb,Nuts.thumb
Chocolate Syrup.thumb,Bowl.thumb,Gum.thumb,Nuts.thumb
Chocolate Syrup.thumb,Tomato Paste.thumb,Toilet Paper.thumb,Salt.thumb
Chocolate Syrup.thumb,Tomato Paste.thumb,Toilet Paper.thumb,Nuts.thumb
Toilet Paper.thumb,Bowl.thumb,Salt.thumb,Nuts.thumb
Tomato Paste.thumb,Bowl.thumb,Salt.thumb,Nuts.thumb
Cereal.thumb,Tomato Paste.thumb,Toilet Paper.thumb,Nuts.thumb
Chocolate Syrup.thumb,Toilet Paper.thumb,Salt.thumb,Nuts.thumb
Cereal.thumb,Toilet Paper.thumb,Bowl.thumb,Salt.thumb
Chocolate Syrup.thumb,Cereal.thumb,Bowl.thumb,Salt.thumb
Tomato Paste.thumb,Bowl.thumb,Gum.thumb,Salt.thumb
Cereal.thumb,Bowl.thumb,Gum.thumb,Salt.thumb
Chocolate Syrup.thumb,Tomato Paste.thumb,Salt.thumb,Nuts.thumb
Chocolate Syrup.thumb,Cereal.thumb,Tomato Paste.thumb,Nuts.thumb
Cereal.thumb,Tomato Paste.thumb,Toilet Paper.thumb,Gum.thumb
Toilet Paper.thumb,Gum.thumb,Salt.thumb,Nuts.thumb
Chocolate Syrup.thumb,Tomato Paste.thumb,Toilet Paper.thumb,Bowl.thumb
Chocolate Syrup.thumb,Cereal.thumb,Toilet Paper.thumb,Salt.thumb
Tomato Paste.thumb,Toilet Paper.thumb,Salt.thumb,Nuts.thumb
Chocolate Syrup.thumb,Gum.thumb,Salt.thumb,Nuts.thumb
Chocolate Syrup.thumb,Toilet Paper.thumb,Bowl.thumb,Nuts.thumb
Tomato Paste.thumb,Toilet Paper.thumb,Bowl.thumb,Salt.thumb
Toilet Paper.thumb,Bowl.thumb,Gum.thumb,Salt.thumb
Cereal.thumb,Tomato Paste.thumb,Salt.thumb,Nuts.thumb
Chocolate Syrup.thumb,Tomato Paste.thumb,Bowl.thumb,Nuts.thumb
Chocolate Syrup.thumb,Cereal.thumb,Tomato Paste.thumb,Toilet Paper.thumb
Chocolate Syrup.thumb,Tomato Paste.thumb,Toilet Paper.thumb,Nuts.thumb
Cereal.thumb,Tomato Paste.thumb,Gum.thumb,Nuts.thumb
Cereal.thumb,Bowl.thumb,Salt.thumb,Nuts.thumb
Chocolate Syrup.thumb,Cereal.thumb,Toilet Paper.thumb,Nuts.thumb
Chocolate Syrup.thumb,Toilet Paper.thumb,Bowl.thumb,Gum.thumb
Toilet Paper.thumb,Bowl.thumb,Salt.thumb,Nuts.thumb
Chocolate Syrup.thumb,Cereal.thumb,Toilet Paper.thumb,Bowl.thumb
Tomato Paste.thumb,Toilet Paper.thumb,Gum.thumb,Nuts.thumb
Chocolate Syrup.thumb,Cereal.thumb,Tomato Paste.thumb,Bowl.thumb
Chocolate Syrup.thumb,Cereal.thumb,Salt.thumb,Nuts.thumb
Bowl.thumb,Gum.thumb,Salt.thumb,Nuts.thumb
Chocolate Syrup.thumb,Cereal.thumb,Toilet Paper.thumb,Gum.thumb
Chocolate Syrup.thumb,Cereal.thumb,Gum.thumb,Salt.thumb
Cereal.thumb,Toilet Paper.thumb,Salt.thumb,Nuts.thumb
Chocolate Syrup.thumb,Bowl.thumb,Salt.thumb,Nuts.thumb
Cereal.thumb,Tomato Paste.thumb,Toilet Paper.thumb,Nuts.thumb
Chocolate Syrup.thumb,Tomato Paste.thumb,Bowl.thumb,Salt.thumb
Chocolate Syrup.thumb,Tomato Paste.thumb,Toilet Paper.thumb,Gum.thumb
Chocolate Syrup.thumb,Toilet Paper.thumb,Salt.thumb,Nuts.thumb
Chocolate Syrup.thumb,Tomato Paste.thumb,Toilet Paper.thumb,Salt.thumb
Tomato Paste.thumb,Toilet Paper.thumb,Gum.thumb,Salt.thumb
Chocolate Syrup.thumb,Cereal.thumb,Gum.thumb,Nuts.thumb
Cereal.thumb,Toilet Paper.thumb,Bowl.thumb,Nuts.thumb
Chocolate Syrup.thumb,Toilet Paper.thumb,Bowl.thumb,Salt.thumb
Cereal.thumb,Tomato Paste.thumb,Gum.thumb,Salt.thumb
Chocolate Syrup.thumb,Tomato Paste.thumb,Bowl.thumb,Gum.thumb
Cereal.thumb,Tomato Paste.thumb,Bowl.thumb,Salt.thumb
Chocolate Syrup.thumb,Bowl.thumb,Gum.thumb,Salt.thumb
Toilet Paper.thumb,Bowl.thumb,Gum.thumb,Nuts.thumb
Chocolate Syrup.thumb,Cereal.thumb,Tomato Paste.thumb,Salt.thumb
Tomato Paste.thumb,Toilet Paper.thumb,Bowl.thumb,Gum.thumb
Cereal.thumb,Toilet Paper.thumb,Gum.thumb,Nuts.thumb
Chocolate Syrup.thumb,Cereal.thumb,Bowl.thumb,Gum.thumb
Cereal.thumb,Tomato Paste.thumb,Toilet Paper.thumb,Salt.thumb
Cereal.thumb,Tomato Paste.thumb,Bowl.thumb,Gum.thumb
Chocolate Syrup.thumb,Tomato Paste.thumb,Gum.thumb,Salt.thumb
Chocolate Syrup.thumb,Bowl.thumb,Gum.thumb,Nuts.thumb
Cereal.thumb,Gum.thumb,Salt.thumb,Nuts.thumb
Tomato Paste.thumb,Bowl.thumb,Gum.thumb,Nuts.thumb
Cereal.thumb,Tomato Paste.thumb,Bowl.thumb,Nuts.thumb
Tomato Paste.thumb,Bowl.thumb,Salt.thumb,Nuts.thumb
Cereal.thumb,Tomato Paste.thumb,Toilet Paper.thumb,Bowl.thumb
Chocolate Syrup.thumb,Toilet Paper.thumb,Gum.thumb,Salt.thumb
Tomato Paste.thumb,Toilet Paper.thumb,Bowl.thumb,Nuts.thumb
Chocolate Syrup.thumb,Cereal.thumb,Tomato Paste.thumb,Gum.thumb
Cereal.thumb,Bowl.thumb,Gum.thumb,Nuts.thumb
Chocolate Syrup.thumb,Tomato Paste.thumb,Gum.thumb,Nuts.thumb
Chocolate Syrup.thumb,Toilet Paper.thumb,Gum.thumb,Nuts.thumb
Cereal.thumb,Toilet Paper.thumb,Bowl.thumb,Gum.thumb
Chocolate Syrup.thumb,Cereal.thumb,Bowl.thumb,Nuts.thumb
Tomato Paste.thumb,Gum.thumb,Salt.thumb,Nuts.thumb
Cereal.thumb,Toilet Paper.thumb,Gum.thumb,Salt.thumb
